Irradiance (W/m2),Cell Temperature (degC),Voltage Sample (V),Current Sample (A),Power Sample (W)
500,10,0.0,9.307,0.0
500,10,4.86,9.307,45.213
500,10,9.83,9.307,91.453
500,10,14.801,9.307,137.693
500,10,19.771,9.307,183.933
500,10,24.742,9.307,230.171
500,10,29.712,9.305,276.373
500,10,34.683,9.289,322.031
500,10,39.653,9.139,362.233
500,10,44.623,8.077,360.287
500,10,49.594,0.0,0.0
500,20,0.0,9.349,0.0
500,20,4.734,9.349,44.244
500,20,9.576,9.349,89.494
500,20,14.418,9.349,134.743
500,20,19.26,9.349,179.993
500,20,24.103,9.349,225.241
500,20,28.945,9.347,270.448
500,20,33.787,9.329,315.059
500,20,38.629,9.158,353.603
500,20,43.471,7.948,345.35
500,20,48.313,0.0,0.0
500,25,0.0,9.37,0.0
500,25,4.672,9.37,43.756
500,25,9.449,9.37,88.506
500,25,14.227,9.37,133.256
500,25,19.005,9.37,178.007
500,25,23.783,9.37,222.755
500,25,28.561,9.368,267.462
500,25,33.339,9.349,311.541
500,25,38.116,9.166,349.218
500,25,42.894,7.873,337.589
500,25,47.672,0.0,0.0
500,30,0.0,9.391,0.0
500,30,4.609,9.391,43.265
500,30,9.322,9.391,87.513
500,30,14.036,9.391,131.761
500,30,18.75,9.391,176.01
500,30,23.463,9.391,220.256
500,30,28.177,9.389,264.459
500,30,32.891,9.368,308.002
500,30,37.604,9.172,344.782
500,30,42.318,7.792,329.621
500,30,47.031,0.0,0.0
500,40,0.0,9.433,0.0
500,40,4.483,9.433,42.275
500,40,9.069,9.433,85.511
500,40,13.654,9.433,128.747
500,40,18.239,9.433,171.983
500,40,22.824,9.433,215.218
500,40,27.409,9.431,258.403
500,40,31.995,9.407,300.858
500,40,36.58,9.182,335.753
500,40,41.165,7.607,313.027
500,40,45.75,0.0,0.0
500,50,0.0,9.475,0.0
500,50,4.358,9.475,41.275
500,50,8.815,9.475,83.488
500,50,13.271,9.475,125.701
500,50,17.728,9.475,167.914
500,50,22.185,9.475,210.125
500,50,26.642,9.473,252.283
500,50,31.099,9.446,293.625
500,50,35.555,9.186,326.493
500,50,40.012,7.388,295.491
500,50,44.469,0.0,0.0
500,60,0.0,9.518,0.0
500,60,4.232,9.518,40.264
500,60,8.561,9.518,81.443
500,60,12.889,9.518,122.623
500,60,17.217,9.518,163.802
500,60,21.546,9.517,204.979
500,60,25.874,9.515,246.097
500,60,30.202,9.483,286.302
500,60,34.531,9.183,316.979
500,60,38.859,7.13,276.938
500,60,43.188,0.0,0.0
500,70,0.0,9.56,0.0
500,70,4.107,9.56,39.243
500,70,8.307,9.56,79.377
500,70,12.507,9.56,119.512
500,70,16.707,9.56,159.646
500,70,20.907,9.56,199.779
500,70,25.107,9.557,239.845
500,70,29.306,9.52,278.885
500,70,33.506,9.171,307.177
500,70,37.706,6.826,257.299
500,70,41.906,0.0,0.0
500,80,0.0,9.602,0.0
500,80,3.981,9.602,38.211
500,80,8.053,9.602,77.29
500,80,12.124,9.602,116.369
500,80,16.196,9.602,155.448
500,80,20.267,9.602,194.524
500,80,24.339,9.599,233.526
500,80,28.41,9.556,271.37
500,80,32.482,9.149,297.048
500,80,36.554,6.473,236.517
500,80,40.625,0.0,0.0
500,90,0.0,9.644,0.0
500,90,3.856,9.644,37.168
500,90,7.799,9.644,75.181
500,90,11.742,9.644,113.194
500,90,15.685,9.644,151.207
500,90,19.628,9.644,189.216
500,90,23.571,9.64,227.142
500,90,27.514,9.59,263.752
500,90,31.458,9.113,286.545
500,90,35.401,6.063,214.565
500,90,39.344,0.0,0.0
1000,10,0.0,18.614,0.0
1000,10,5.002,18.614,93.071
1000,10,10.118,18.614,188.257
1000,10,15.234,18.614,283.443
1000,10,20.35,18.614,378.629
1000,10,25.466,18.613,473.812
1000,10,30.582,18.61,568.902
1000,10,35.697,18.569,662.614
1000,10,40.813,18.193,742.216
1000,10,45.929,15.537,713.304
1000,10,51.045,0.0,0.0
1000,20,0.0,18.698,0.0
1000,20,4.882,18.698,91.24
1000,20,9.874,18.698,184.553
1000,20,14.867,18.698,277.867
1000,20,19.859,18.698,371.18
1000,20,24.852,18.698,464.489
1000,20,29.845,18.694,557.696
1000,20,34.837,18.647,649.361
1000,20,39.83,18.212,725.105
1000,20,44.822,15.161,679.295
1000,20,49.815,0.0,0.0
1000,25,0.0,18.74,0.0
1000,25,4.821,18.74,90.317
1000,25,9.752,18.74,182.686
1000,25,14.683,18.74,275.055
1000,25,19.614,18.74,367.424
1000,25,24.545,18.74,459.789
1000,25,29.476,18.736,552.046
1000,25,34.407,18.686,642.669
1000,25,39.338,18.218,716.362
1000,25,44.269,14.948,661.449
1000,25,49.2,0.0,0.0
1000,30,0.0,18.782,0.0
1000,30,4.761,18.782,89.388
1000,30,9.63,18.782,180.808
1000,30,14.5,18.782,272.228
1000,30,19.369,18.782,363.648
1000,30,24.238,18.782,455.063
1000,30,29.108,18.778,546.365
1000,30,33.977,18.724,635.933
1000,30,38.846,18.22,707.483
1000,30,43.716,14.715,643.009
1000,30,48.585,0.0,0.0
1000,40,0.0,18.866,0.0
1000,40,4.641,18.866,87.516
1000,40,9.387,18.866,177.022
1000,40,14.133,18.866,266.527
1000,40,18.879,18.866,356.033
1000,40,23.625,18.866,445.533
1000,40,28.371,18.862,534.907
1000,40,33.117,18.799,622.322
1000,40,37.863,18.212,689.286
1000,40,42.609,14.187,604.249
1000,40,47.355,0.0,0.0
1000,50,0.0,18.951,0.0
1000,50,4.52,18.951,85.624
1000,50,9.143,18.951,173.195
1000,50,13.766,18.951,260.765
1000,50,18.388,18.951,348.335
1000,50,23.011,18.951,435.9
1000,50,27.634,18.945,523.322
1000,50,32.257,18.873,608.521
1000,50,36.879,18.186,670.438
1000,50,41.502,13.567,562.836
1000,50,46.125,0.0,0.0
1000,60,0.0,19.035,0.0
1000,60,4.4,19.035,83.712
1000,60,8.899,19.035,169.326
1000,60,13.399,19.035,254.941
1000,60,17.898,19.035,340.555
1000,60,22.398,19.035,426.163
1000,60,26.897,19.029,511.609
1000,60,31.397,18.944,594.522
1000,60,35.896,18.139,650.842
1000,60,40.396,12.844,518.627
1000,60,44.895,0.0,0.0
1000,70,0.0,19.119,0.0
1000,70,4.279,19.119,81.779
1000,70,8.655,19.119,165.417
1000,70,13.031,19.119,249.055
1000,70,17.408,19.119,332.692
1000,70,21.784,19.119,416.323
1000,70,26.16,19.112,499.769
1000,70,30.536,19.012,580.313
1000,70,34.913,18.063,630.384
1000,70,39.289,12.007,471.553
1000,70,43.665,0.0,0.0
1000,80,0.0,19.204,0.0
1000,80,4.158,19.204,79.826
1000,80,8.411,19.204,161.466
1000,80,12.664,19.204,243.106
1000,80,16.917,19.204,324.747
1000,80,21.17,19.203,406.379
1000,80,25.423,19.195,487.799
1000,80,29.676,19.076,565.878
1000,80,33.929,17.954,608.916
1000,80,38.182,11.048,421.669
1000,80,42.435,0.0,0.0
1000,90,0.0,19.288,0.0
1000,90,4.038,19.288,77.853
1000,90,8.168,19.288,157.475
1000,90,12.297,19.288,237.097
1000,90,16.427,19.288,316.718
1000,90,20.557,19.288,396.331
1000,90,24.686,19.277,475.699
1000,90,28.816,19.136,551.199
1000,90,32.946,17.802,586.26
1000,90,37.075,9.963,369.226
1000,90,41.205,0.0,0.0
